{"_runtime":51,"K":0.21986891329288483,"step":490,"_timestamp":1.772013071813306e+09,"_step":54,"loss":29189.6171875,"viz":{"sha256":"da38f5d66ed73fa548ea053c29b9d28449717432c0ed04751a432fda57ba40a4","size":23555,"path":"media/images/viz_45_da38f5d66ed73fa548ea.png","format":"png","width":1600,"height":400,"_type":"image-file"},"_wandb":{"runtime":51}}