{"loss":29482.865234375,"viz":{"sha256":"2f91d930887268bc1970e36dc312c17c87aa45e4083b7fb8348a1ad9788c30a1","size":23271,"path":"media/images/viz_56_2f91d930887268bc1970.png","format":"png","width":1600,"height":400,"_type":"image-file"},"_wandb":{"runtime":51},"_runtime":51,"K":0.21825414896011353,"step":499,"_timestamp":1.7720134631385484e+09,"_step":56}